Item Name,Price Lookup Name,Category,Available Quantity,Quantity to Sell,Suggested Price,Source,Already Listed,Current Listed Quantity,Current Vendor Price,Market Low,Market High,Pricing Source,Pricing Notes,Price Checked,Level,Legendary Stars,Legendary Effects
Addictol,Addictol,AID,2,,15,PLAYER,NO,,,,,Community baseline (2026),Common chem quick-sale baseline,2026-07-11,,,
Adrenal Reaction Serum,Adrenal Reaction Serum,AID,1,1,400,STASH,YES,1,2000,,,Community baseline (2026),Recent community serum range is approximately 400-500 caps,2026-07-11,,,
Backwoodsman 1,Backwoodsman 1,AID,1,,50,STASH,NO,,,,,Community baseline (2026),Magazine community baseline,2026-07-11,,,
Backwoodsman 10,Backwoodsman 10,AID,1,,50,STASH,NO,,,,,Community baseline (2026),Magazine community baseline,2026-07-11,,,
Backwoodsman 3,Backwoodsman 3,AID,1,,50,STASH,NO,,,,,Community baseline (2026),Magazine community baseline,2026-07-11,,,
Backwoodsman 4,Backwoodsman 4,AID,1,,50,STASH,NO,,,,,Community baseline (2026),Magazine community baseline,2026-07-11,,,
Backwoodsman 5,Backwoodsman 5,AID,1,,50,STASH,NO,,,,,Community baseline (2026),Magazine community baseline,2026-07-11,,,
Backwoodsman 7,Backwoodsman 7,AID,1,,50,STASH,NO,,,,,Community baseline (2026),Magazine community baseline,2026-07-11,,,
Backwoodsman 9,Backwoodsman 9,AID,1,,50,STASH,NO,,,,,Community baseline (2026),Magazine community baseline,2026-07-11,,,
Berry Mentats,Berry Mentats,AID,6,,50,PLAYER+STASH,NO,,,,,Community baseline (2026),Popular chem baseline,2026-07-11,,,
Bird Bones Serum,Bird Bones Serum,AID,2,2,400,STASH,YES,2,900,,,Community baseline (2026),Recent community serum range is approximately 400-500 caps,2026-07-11,,,
Bobblehead: Agility,Bobblehead: Agility,AID,1,,50,STASH,NO,,,,,Community baseline (2026),Bobblehead community baseline,2026-07-11,,,
Bobblehead: Big Guns,Bobblehead: Big Guns,AID,2,,50,STASH,NO,,,,,Community baseline (2026),Bobblehead community baseline,2026-07-11,,,
Bobblehead: Caps,Bobblehead: Caps,AID,2,,50,STASH,NO,,,,,Community baseline (2026),Bobblehead community baseline,2026-07-11,,,
Bobblehead: Endurance,Bobblehead: Endurance,AID,1,,50,STASH,NO,,,,,Community baseline (2026),Bobblehead community baseline,2026-07-11,,,
Bobblehead: Energy Weapons,Bobblehead: Energy Weapons,AID,1,,50,STASH,NO,,,,,Community baseline (2026),Bobblehead community baseline,2026-07-11,,,
Bobblehead: Explosive,Bobblehead: Explosive,AID,1,,50,STASH,NO,,,,,Community baseline (2026),Bobblehead community baseline,2026-07-11,,,
Bobblehead: Intelligence,Bobblehead: Intelligence,AID,1,,50,STASH,NO,,,,,Community baseline (2026),Bobblehead community baseline,2026-07-11,,,
Bobblehead: Leader,Bobblehead: Leader,AID,2,,400,STASH,NO,,,,,Community baseline (2026),Recent 2026 community leader-bobblehead range,2026-07-11,,,
Bobblehead: Lock Picking,Bobblehead: Lock Picking,AID,1,,50,STASH,NO,,,,,Community baseline (2026),Bobblehead community baseline,2026-07-11,,,
Bobblehead: Repair,Bobblehead: Repair,AID,3,,50,STASH,NO,,,,,Community baseline (2026),Bobblehead community baseline,2026-07-11,,,
Bobblehead: Science,Bobblehead: Science,AID,1,,50,STASH,NO,,,,,Community baseline (2026),Bobblehead community baseline,2026-07-11,,,
Bobblehead: Small Guns,Bobblehead: Small Guns,AID,3,,50,STASH,NO,,,,,Community baseline (2026),Bobblehead community baseline,2026-07-11,,,
Bobblehead: Sneak,Bobblehead: Sneak,AID,1,,50,STASH,NO,,,,,Community baseline (2026),Bobblehead community baseline,2026-07-11,,,
Bobblehead: Strength,Bobblehead: Strength,AID,1,,50,STASH,NO,,,,,Community baseline (2026),Bobblehead community baseline,2026-07-11,,,
Bobblehead: Unarmed,Bobblehead: Unarmed,AID,1,,50,STASH,NO,,,,,Community baseline (2026),Bobblehead community baseline,2026-07-11,,,
Buffout,Buffout,AID,20,,15,STASH,NO,,,,,Community baseline (2026),Common chem quick-sale baseline,2026-07-11,,,
Calmex,Calmex,AID,4,,15,STASH,NO,,,,,Community baseline (2026),Common chem quick-sale baseline,2026-07-11,,,
Chameleon Serum,Chameleon Serum,AID,1,1,400,STASH,YES,1,2000,,,Community baseline (2026),Recent community serum range is approximately 400-500 caps,2026-07-11,,,
Eagle Eyes Serum,Eagle Eyes Serum,AID,4,4,400,STASH,YES,4,900,,,Community baseline (2026),Recent community serum range is approximately 400-500 caps,2026-07-11,,,
Egg Head Serum,Egg Head Serum,AID,4,4,400,STASH,YES,4,900,,,Community baseline (2026),Recent community serum range is approximately 400-500 caps,2026-07-11,,,
Electrically Charged Serum,Electrically Charged Serum,AID,1,1,400,STASH,YES,1,2000,,,Community baseline (2026),Recent community serum range is approximately 400-500 caps,2026-07-11,,,
Empath Serum,Empath Serum,AID,1,1,400,STASH,YES,1,2000,,,Community baseline (2026),Recent community serum range is approximately 400-500 caps,2026-07-11,,,
Fury,Fury,AID,5,,15,PLAYER,NO,,,,,Community baseline (2026),Common chem quick-sale baseline,2026-07-11,,,
Glowing Blood,Glowing Blood,AID,108,7,10,STASH,YES,7,30,,,Community baseline (2026),Quick-sale aid price,2026-07-11,,,
Glowing Blood Pack,Glowing Blood Pack,AID,5,,10,STASH,NO,,,,,Community baseline (2026),Common aid quick-sale baseline,2026-07-11,,,
Glowing Bobblehead: Endurance,Glowing Bobblehead: Endurance,AID,1,,250,STASH,NO,,,,,Community baseline (2026),Glowing bobblehead collector baseline,2026-07-11,,,
Glowing Bobblehead: Lock Picking,Glowing Bobblehead: Lock Picking,AID,1,,250,STASH,NO,,,,,Community baseline (2026),Glowing bobblehead collector baseline,2026-07-11,,,
Glowing Bobblehead: Unarmed,Glowing Bobblehead: Unarmed,AID,2,,250,STASH,NO,,,,,Community baseline (2026),Glowing bobblehead collector baseline,2026-07-11,,,
Grape Mentats,Grape Mentats,AID,1,,15,PLAYER,NO,,,,,Community baseline (2026),Common chem quick-sale baseline,2026-07-11,,,
Grognak the Barbarian 8,Grognak the Barbarian 8,AID,2,,50,STASH,NO,,,,,Community baseline (2026),Magazine community baseline,2026-07-11,,,
Grounded Serum,Grounded Serum,AID,2,2,400,STASH,YES,2,2000,,,Community baseline (2026),Recent community serum range is approximately 400-500 caps,2026-07-11,,,
Guns and Bullets 1,Guns and Bullets 1,AID,1,,50,STASH,NO,,,,,Community baseline (2026),Magazine community baseline,2026-07-11,,,
Guns and Bullets 3,Guns and Bullets 3,AID,1,,50,STASH,NO,,,,,Community baseline (2026),Magazine community baseline,2026-07-11,,,
Guns and Bullets 4,Guns and Bullets 4,AID,1,,50,STASH,NO,,,,,Community baseline (2026),Magazine community baseline,2026-07-11,,,
Guns and Bullets 6,Guns and Bullets 6,AID,1,,50,STASH,NO,,,,,Community baseline (2026),Magazine community baseline,2026-07-11,,,
Healing Factor Serum,Healing Factor Serum,AID,4,4,400,STASH,YES,4,900/2000,,,Community baseline (2026),Recent community serum range is approximately 400-500 caps,2026-07-11,,,
Herbivore Serum,Herbivore Serum,AID,2,2,400,STASH,YES,2,2000,,,Community baseline (2026),Recent community serum range is approximately 400-500 caps,2026-07-11,,,
Herd Mentality Serum,Herd Mentality Serum,AID,2,2,400,STASH,YES,2,2000,,,Community baseline (2026),Recent community serum range is approximately 400-500 caps,2026-07-11,,,
High-Radiation Fluids,High-Radiation Fluids,AID,2,,25,STASH,NO,,,,,Community baseline (2026),Flux-crafting material baseline,2026-07-11,,,
Live & Love 2,Live & Love 2,AID,2,,50,STASH,NO,,,,,Community baseline (2026),Magazine community baseline,2026-07-11,,,
Live & Love 4,Live & Love 4,AID,1,,50,STASH,NO,,,,,Community baseline (2026),Magazine community baseline,2026-07-11,,,
Live & Love 8,Live & Love 8,AID,3,,100,STASH,NO,,,,,Community baseline (2026),Higher-demand magazine baseline,2026-07-11,,,
Marsupial Serum,Marsupial Serum,AID,1,1,400,STASH,YES,1,2000,,,Community baseline (2026),Recent community serum range is approximately 400-500 caps,2026-07-11,,,
Med-X,Med-X,AID,16,,15,PLAYER,NO,,,,,Community baseline (2026),Common chem quick-sale baseline,2026-07-11,,,
Mentats,Mentats,AID,8,,15,STASH,NO,,,,,Community baseline (2026),Common chem quick-sale baseline,2026-07-11,,,
Orange Mentats,Orange Mentats,AID,2,,15,STASH,NO,,,,,Community baseline (2026),Common chem quick-sale baseline,2026-07-11,,,
Phantom Device,Phantom Device,AID,1,1,50,STASH,YES,1,100,,,Community baseline (2026),Low-demand consumable,2026-07-11,,,
Plague Walker Serum,Plague Walker Serum,AID,3,3,400,STASH,YES,3,900,,,Community baseline (2026),Recent community serum range is approximately 400-500 caps,2026-07-11,,,
Psycho,Psycho,AID,80,,15,PLAYER+STASH,NO,,,,,Community baseline (2026),Common chem quick-sale baseline,2026-07-11,,,
Psychobuff,Psychobuff,AID,13,,15,PLAYER+STASH,NO,,,,,Community baseline (2026),Common chem quick-sale baseline,2026-07-11,,,
Psychotats,Psychotats,AID,21,,15,PLAYER+STASH,NO,,,,,Community baseline (2026),Common chem quick-sale baseline,2026-07-11,,,
Rad-X,Rad-X,AID,57,57,5,STASH,YES,57,25,,,Community baseline (2026),Abundant aid quick-sale price,2026-07-11,,,
Rad-X: Diluted,Rad-X: Diluted,AID,4,4,3,STASH,YES,4,15,,,Community baseline (2026),Abundant aid quick-sale price,2026-07-11,,,
RadAway,RadAway,AID,62,62,5,STASH,YES,62,25,,,Community baseline (2026),Abundant aid quick-sale price,2026-07-11,,,
Scaly Skin Serum,Scaly Skin Serum,AID,4,4,400,STASH,YES,4,900,,,Community baseline (2026),Recent community serum range is approximately 400-500 caps,2026-07-11,,,
Scouts' Life 10,Scouts' Life 10,AID,1,,50,STASH,NO,,,,,Community baseline (2026),Magazine community baseline,2026-07-11,,,
Scouts' Life 3,Scouts' Life 3,AID,1,,50,STASH,NO,,,,,Community baseline (2026),Magazine community baseline,2026-07-11,,,
Scouts' Life 6,Scouts' Life 6,AID,1,,50,PLAYER,NO,,,,,Community baseline (2026),Magazine community baseline,2026-07-11,,,
Scouts' Life 8,Scouts' Life 8,AID,2,,50,STASH,NO,,,,,Community baseline (2026),Magazine community baseline,2026-07-11,,,
Stealth Boy,Stealth Boy,AID,5,1,50,STASH,YES,1,265,,,Community baseline (2026),Common utility consumable,2026-07-11,,,
Stealth Boy Mark III,Stealth Boy Mark III,AID,1,,100,STASH,NO,,,,,Community baseline (2026),Upgraded utility consumable,2026-07-11,,,
Stimpak,Stimpak,AID,303,281,10,PLAYER+STASH,YES,281,30,,,Community baseline (2026),Abundant aid quick-sale price,2026-07-11,,,
Stimpak: Diluted,Stimpak: Diluted,AID,10,10,5,STASH,YES,10,11,,,Community baseline (2026),Abundant aid quick-sale price,2026-07-11,,,
Stimpak: Super,Stimpak: Super,AID,140,,15,STASH,NO,,,,,Community baseline (2026),Abundant aid quick-sale price,2026-07-11,,,
Tales from the West Virginia Hills 2,Tales from the West Virginia Hills 2,AID,1,,50,STASH,NO,,,,,Community baseline (2026),Magazine community baseline,2026-07-11,,,
Tales from the West Virginia Hills 3,Tales from the West Virginia Hills 3,AID,1,,50,STASH,NO,,,,,Community baseline (2026),Magazine community baseline,2026-07-11,,,
Talons Serum,Talons Serum,AID,1,1,400,STASH,YES,1,900,,,Community baseline (2026),Recent community serum range is approximately 400-500 caps,2026-07-11,,,
Tesla Science 1,Tesla Science 1,AID,1,,50,STASH,NO,,,,,Community baseline (2026),Magazine community baseline,2026-07-11,,,
Tesla Science 2,Tesla Science 2,AID,1,,50,STASH,NO,,,,,Community baseline (2026),Magazine community baseline,2026-07-11,,,
Tesla Science 5,Tesla Science 5,AID,1,,50,STASH,NO,,,,,Community baseline (2026),Magazine community baseline,2026-07-11,,,
Tesla Science 7,Tesla Science 7,AID,1,,50,STASH,NO,,,,,Community baseline (2026),Magazine community baseline,2026-07-11,,,
Tesla Science 9,Tesla Science 9,AID,1,,50,STASH,NO,,,,,Community baseline (2026),Magazine community baseline,2026-07-11,,,
Tumblers Today 1,Tumblers Today 1,AID,1,,50,STASH,NO,,,,,Community baseline (2026),Magazine community baseline,2026-07-11,,,
Twisted Muscles Serum,Twisted Muscles Serum,AID,4,4,400,STASH,YES,4,1500,,,Community baseline (2026),Recent community serum range is approximately 400-500 caps,2026-07-11,,,
U.S. Covert Operations Manual 1,U.S. Covert Operations Manual 1,AID,1,,50,PLAYER,NO,,,,,Community baseline (2026),Magazine community baseline,2026-07-11,,,
U.S. Covert Operations Manual 4,U.S. Covert Operations Manual 4,AID,1,,50,STASH,NO,,,,,Community baseline (2026),Magazine community baseline,2026-07-11,,,
U.S. Covert Operations Manual 9,U.S. Covert Operations Manual 9,AID,1,,50,PLAYER,NO,,,,,Community baseline (2026),Magazine community baseline,2026-07-11,,,
Unstable Isotope Serum,Unstable Isotope Serum,AID,8,8,400,STASH,YES,8,900,,,Community baseline (2026),Recent community serum range is approximately 400-500 caps,2026-07-11,,,
Unstoppables 1,Unstoppables 1,AID,1,,50,STASH,NO,,,,,Community baseline (2026),Magazine community baseline,2026-07-11,,,
Unstoppables 3,Unstoppables 3,AID,1,,50,STASH,NO,,,,,Community baseline (2026),Magazine community baseline,2026-07-11,,,
.308 Round,.308 Round,AMMO,15,,1,PLAYER,NO,,,,,Community baseline (2026),Community standard for ordinary ammunition,2026-07-11,,,
.38 Round,.38 Round,AMMO,11,,1,PLAYER,NO,,,,,Community baseline (2026),Community standard for ordinary ammunition,2026-07-11,,,
.44 Round,.44 Round,AMMO,23,,1,PLAYER,NO,,,,,Community baseline (2026),Community standard for ordinary ammunition,2026-07-11,,,
.45 Round,.45 Round,AMMO,5270,,1,PLAYER,NO,,,,,Community baseline (2026),Community standard for ordinary ammunition,2026-07-11,,,
.50 Caliber Ball,.50 Caliber Ball,AMMO,8,,1,PLAYER,NO,,,,,Community baseline (2026),Community standard for ordinary ammunition,2026-07-11,,,
10mm Round,10mm Round,AMMO,25,,1,PLAYER,NO,,,,,Community baseline (2026),Community standard for ordinary ammunition,2026-07-11,,,
2mm Electromagnetic Cartridge,2mm Electromagnetic Cartridge,AMMO,2818,,1,PLAYER,NO,,,,,Community baseline (2026),Community standard for ordinary ammunition,2026-07-11,,,
Camera Film,Camera Film,AMMO,177,,1,PLAYER,NO,,,,,Community baseline (2026),Community standard for ordinary ammunition,2026-07-11,,,
Fuel,Fuel,AMMO,1270,,1,PLAYER,NO,,,,,Community baseline (2026),Community standard for ordinary ammunition,2026-07-11,,,
Fusion Cell,Fusion Cell,AMMO,10,,1,PLAYER,NO,,,,,Community baseline (2026),Community standard for ordinary ammunition,2026-07-11,,,
Fusion Core,Fusion Core,AMMO,14,,50,PLAYER+STASH,NO,,,,,Community baseline (2026),Core baseline; charge level can affect demand,2026-07-11,,,
Plasma Core,Plasma Core,AMMO,57,,25,PLAYER,NO,,,,,Community baseline (2026),Core baseline; charge level can affect demand,2026-07-11,,,
Shotgun Shell,Shotgun Shell,AMMO,12,,1,PLAYER,NO,,,,,Community baseline (2026),Community standard for ordinary ammunition,2026-07-11,,,
Syringer Ammo,Syringer Ammo,AMMO,166,,1,PLAYER,NO,,,,,Community baseline (2026),Community standard for ordinary ammunition,2026-07-11,,,
Ultracite Plasma Cartridge,Ultracite Plasma Cartridge,AMMO,1248,,1,PLAYER,NO,,,,,Community baseline (2026),Community standard for ordinary ammunition,2026-07-11,,,
Ultracite Plasma Core,Ultracite Plasma Core,AMMO,40,,30,PLAYER,NO,,,,,Community baseline (2026),Ultracite core baseline,2026-07-11,,,
Brotherhood Scribe Outfit,Brotherhood Scribe Outfit,APPAREL,1,,63,STASH,NO,,,,,NukaTrader,https://nukatrader.com/apparel/brotherhood-scribe-outfit/,2026-07-11,,,
Enclave Officer Hat,Enclave Officer Hat,APPAREL,1,,50,STASH,NO,,,,,NukaTrader,https://nukatrader.com/apparel/enclave-officer-hat/,2026-07-11,,,
Enclave Officer Uniform,Enclave Officer Uniform,APPAREL,1,,63,STASH,NO,,,,,NukaTrader,https://nukatrader.com/apparel/enclave-officer-uniform/,2026-07-11,,,
Fasnacht Glowing Turkey Mask,Fasnacht Glowing Turkey Mask,APPAREL,1,,40000,STASH,NO,,,,,Community baseline (2026),TRADE-ONLY VALUE: vendor ceiling; verify before listing,2026-07-11,,,
Fasnacht Jackalope Mask,Fasnacht Jackalope Mask,APPAREL,1,,250,PLAYER,NO,,,,,Community baseline (2026),Non-glowing Fasnacht mask community baseline,2026-07-11,,,
Fasnacht Winter Man Mask,Fasnacht Winter Man Mask,APPAREL,1,,30000,STASH,NO,,,,,NukaTrader,https://nukatrader.com/apparel/fasnacht-winter-man-mask/,2026-07-11,,,
Field Scribe's Hat,Field Scribe's Hat,APPAREL,1,,15,STASH,NO,,,,,NukaTrader,https://nukatrader.com/apparel/field-scribes-hat/,2026-07-11,,,
Field Scribe's Uniform,Field Scribe's Uniform,APPAREL,1,,48,STASH,NO,,,,,NukaTrader,https://nukatrader.com/apparel/field-scribes-uniform/,2026-07-11,,,
Fire Breather Helmet,Fire Breather Helmet,APPAREL,1,,75,STASH,NO,,,,,NukaTrader,https://nukatrader.com/apparel/fire-breather-helmet/,2026-07-11,,,
Fire Breather Uniform,Fire Breather Uniform,APPAREL,1,,63,STASH,NO,,,,,NukaTrader,https://nukatrader.com/apparel/fire-breather-uniform/,2026-07-11,,,
Lab Coat,Lab Coat,APPAREL,1,,8,STASH,NO,,,,,NukaTrader,https://nukatrader.com/apparel/lab-coat/,2026-07-11,,,
Radstag Hide Outfit,Radstag Hide Outfit,APPAREL,1,,28,STASH,NO,,,,,NukaTrader,https://nukatrader.com/apparel/radstag-hide-outfit/,2026-07-11,,,
Sheepsquatch Mascot Outfit,Sheepsquatch Mascot Outfit,APPAREL,1,,225,STASH,NO,,,,,NukaTrader,https://nukatrader.com/apparel/sheepsquatch-mascot-outfit/,2026-07-11,,,
Straight Jacket,Straight Jacket,APPAREL,1,,50,STASH,NO,,,,,NukaTrader,https://nukatrader.com/apparel/straight-jacket/,2026-07-11,,,
Tattered Dress,Tattered Dress,APPAREL,2,,8,STASH,NO,,,,,NukaTrader,https://nukatrader.com/apparel/tattered-dress/,2026-07-11,,,
VTU Jacket and Jeans,VTU Jacket and Jeans,APPAREL,1,,25,STASH,NO,,,,,NukaTrader,https://nukatrader.com/apparel/vtu-jacket-and-jeans/,2026-07-11,,,
White Wolf Fedora,White Wolf Fedora,APPAREL,1,,15,STASH,NO,,,,,NukaTrader,https://nukatrader.com/apparel/white-wolf-fedora/,2026-07-11,,,
Eye of Ra,Eye of Ra,ARMOR,1,,100,STASH,NO,,,,,Community baseline (2026),Common unique apparel/armor,2026-07-11,,,
Garb of Mysteries,Garb of Mysteries,ARMOR,2,,250,STASH,NO,,,,,Community baseline (2026),Common unique apparel/armor,2026-07-11,50,,
Hazmat Suit,Hazmat Suit,ARMOR,1,,50,STASH,NO,,,,,Community baseline (2026),Common protective apparel,2026-07-11,50,,
Overeater's Excavator Torso,Overeater's Excavator Torso,ARMOR,1,1,500,STASH,YES,1,2675,,,Community baseline (2026),Recent community baseline for a one-star legendary,2026-07-11,45,1,"SET BONUS (0/6) | +100 Carry Weight ½ | Increases Max Health up to +40 as you Fill Your Hunger and Thirst Meters. Currently disabled, Human mod only."
Bubblegum,Bubblegum,FOOD_WATER,25,1,10,PLAYER+STASH,YES,1,200,,,Community baseline (2026),Common consumable,2026-07-11,,,
Canned Coffee,Canned Coffee,FOOD_WATER,36,,50,PLAYER,NO,,,,,Community baseline (2026),Popular AP consumable,2026-07-11,,,
Cola Perk Bubblegum,Cola Perk Bubblegum,FOOD_WATER,6,,5,PLAYER+STASH,NO,,,,,Community baseline (2026),Common food/drink baseline,2026-07-11,,,
Dirty Water,Dirty Water,FOOD_WATER,1,,1,PLAYER,NO,,,,,Community baseline (2026),Low-demand food/water,2026-07-11,,,
Glowing Mass,Glowing Mass,FOOD_WATER,4,,5,STASH,NO,,,,,Community baseline (2026),Common food/drink baseline,2026-07-11,,,
Grape Perk Bubblegum,Grape Perk Bubblegum,FOOD_WATER,6,,5,STASH,NO,,,,,Community baseline (2026),Common food/drink baseline,2026-07-11,,,
Honey,Honey,FOOD_WATER,23,,5,PLAYER,NO,,,,,Community baseline (2026),Common food/drink baseline,2026-07-11,,,
Nuka-Cherry,Nuka-Cherry,FOOD_WATER,2,,5,PLAYER,NO,,,,,Community baseline (2026),Common food/drink baseline,2026-07-11,,,
Nuka-Cola,Nuka-Cola,FOOD_WATER,7,,5,PLAYER,NO,,,,,Community baseline (2026),Common food/drink baseline,2026-07-11,,,
Nuka-Cola Quantum,Nuka-Cola Quantum,FOOD_WATER,1,,25,STASH,NO,,,,,Community baseline (2026),Popular specialty drink,2026-07-11,,,
Nuka-Cola Twist,Nuka-Cola Twist,FOOD_WATER,4,,5,PLAYER,NO,,,,,Community baseline (2026),Common food/drink baseline,2026-07-11,,,
Pepper,Pepper,FOOD_WATER,40,,10,PLAYER+STASH,NO,,,,,Community baseline (2026),Cooking ingredient baseline,2026-07-11,,,
Salt,Salt,FOOD_WATER,46,,10,PLAYER+STASH,NO,,,,,Community baseline (2026),Cooking ingredient baseline,2026-07-11,,,
Spices,Spices,FOOD_WATER,16,,10,STASH,NO,,,,,Community baseline (2026),Cooking ingredient baseline,2026-07-11,,,
Spoiled Meat,Spoiled Meat,FOOD_WATER,7,,1,PLAYER,NO,,,,,Community baseline (2026),Low-demand food/water,2026-07-11,,,
Spoiled Vegetables,Spoiled Vegetables,FOOD_WATER,6,,1,PLAYER,NO,,,,,Community baseline (2026),Low-demand food/water,2026-07-11,,,
Strawberry Perk Bubblegum,Strawberry Perk Bubblegum,FOOD_WATER,8,,5,STASH,NO,,,,,Community baseline (2026),Common food/drink baseline,2026-07-11,,,
Sugar,Sugar,FOOD_WATER,29,,10,PLAYER+STASH,NO,,,,,Community baseline (2026),Cooking ingredient baseline,2026-07-11,,,
Toxic Goo,Toxic Goo,FOOD_WATER,177,,5,PLAYER,NO,,,,,Community baseline (2026),Common food/drink baseline,2026-07-11,,,
Vintage Mire Magic Moonshine,Vintage Mire Magic Moonshine,FOOD_WATER,12,,25,STASH,NO,,,,,Community baseline (2026),Event consumable,2026-07-11,,,
Vintage Nukashine,Vintage Nukashine,FOOD_WATER,13,,25,STASH,NO,,,,,Community baseline (2026),Specialty drink,2026-07-11,,,
Watermelon Perk Bubblegum,Watermelon Perk Bubblegum,FOOD_WATER,11,,5,STASH,NO,,,,,Community baseline (2026),Common food/drink baseline,2026-07-11,,,
A Lead at Last,A Lead at Last,HOLO,1,,10,PLAYER,NO,,,,,Community baseline (2026),Collector holotape baseline,2026-07-11,,,
Blackwater Mine: Orientation,Blackwater Mine: Orientation,HOLO,1,,10,STASH,NO,,,,,Community baseline (2026),Collector holotape baseline,2026-07-11,,,
BoS Archive: ARP Background,BoS Archive: ARP Background,HOLO,1,,10,STASH,NO,,,,,Community baseline (2026),Collector holotape baseline,2026-07-11,,,
BoS Report - Antique Store,BoS Report - Antique Store,HOLO,2,,10,STASH,NO,,,,,Community baseline (2026),Collector holotape baseline,2026-07-11,,,
Bridge Club Recording,Bridge Club Recording,HOLO,1,,10,STASH,NO,,,,,Community baseline (2026),Collector holotape baseline,2026-07-11,,,
Camp Guide Program v3.4,Camp Guide Program v3.4,HOLO,1,,10,STASH,NO,,,,,Community baseline (2026),Collector holotape baseline,2026-07-11,,,
Course Instructions,Course Instructions,HOLO,1,,10,STASH,NO,,,,,Community baseline (2026),Collector holotape baseline,2026-07-11,,,
Elder Maxson's Final Conversation,Elder Maxson's Final Conversation,HOLO,1,,10,STASH,NO,,,,,Community baseline (2026),Collector holotape baseline,2026-07-11,,,
Everything Changes,Everything Changes,HOLO,1,,10,STASH,NO,,,,,Community baseline (2026),Collector holotape baseline,2026-07-11,,,
Fire Breathers Final Exam Briefing,Fire Breathers Final Exam Briefing,HOLO,1,,10,STASH,NO,,,,,Community baseline (2026),Collector holotape baseline,2026-07-11,,,
First Day of Command,First Day of Command,HOLO,1,,10,STASH,NO,,,,,Community baseline (2026),Collector holotape baseline,2026-07-11,,,
Freddie Lang's Holotape,Freddie Lang's Holotape,HOLO,1,,10,STASH,NO,,,,,Community baseline (2026),Collector holotape baseline,2026-07-11,,,
Going well,Going well,HOLO,1,,10,STASH,NO,,,,,Community baseline (2026),Collector holotape baseline,2026-07-11,,,
Gym Session Notes,Gym Session Notes,HOLO,1,,10,STASH,NO,,,,,Community baseline (2026),Collector holotape baseline,2026-07-11,,,
Hornwright's Proposal,Hornwright's Proposal,HOLO,1,,10,STASH,NO,,,,,Community baseline (2026),Collector holotape baseline,2026-07-11,,,
I Hate Flatwoods,I Hate Flatwoods,HOLO,1,,10,STASH,NO,,,,,Community baseline (2026),Collector holotape baseline,2026-07-11,,,
"Interrogation: Doe, Jane","Interrogation: Doe, Jane",HOLO,1,,10,STASH,NO,,,,,Community baseline (2026),Collector holotape baseline,2026-07-11,,,
Jesus Sunday's Holotape - Part 5,Jesus Sunday's Holotape - Part 5,HOLO,3,,10,PLAYER+STASH,NO,,,,,Community baseline (2026),Collector holotape baseline,2026-07-11,,,
Joyce's Message,Joyce's Message,HOLO,1,,10,STASH,NO,,,,,Community baseline (2026),Collector holotape baseline,2026-07-11,,,
Light 'er Up,Light 'er Up,HOLO,1,,10,STASH,NO,,,,,Community baseline (2026),Collector holotape baseline,2026-07-11,,,
Margie McClintock's Holotape,Margie McClintock's Holotape,HOLO,1,,10,STASH,NO,,,,,Community baseline (2026),Collector holotape baseline,2026-07-11,,,
Morris Stevens' Holotape,Morris Stevens' Holotape,HOLO,1,,10,STASH,NO,,,,,Community baseline (2026),Collector holotape baseline,2026-07-11,,,
Mort's Edu-Tape #01: Placing Your C.A.M.P.,Mort's Edu-Tape #01: Placing Your C.A.M.P.,HOLO,1,,10,STASH,NO,,,,,Community baseline (2026),Collector holotape baseline,2026-07-11,,,
Mort's Edu-Tape #02: Building At Your C.A.M.P.,Mort's Edu-Tape #02: Building At Your C.A.M.P.,HOLO,1,,10,STASH,NO,,,,,Community baseline (2026),Collector holotape baseline,2026-07-11,,,
Mort's Edu-Tape #03: Powering Your C.A.M.P.,Mort's Edu-Tape #03: Powering Your C.A.M.P.,HOLO,1,,10,STASH,NO,,,,,Community baseline (2026),Collector holotape baseline,2026-07-11,,,
Nuka Tapper,Nuka Tapper,HOLO,1,,50,STASH,NO,,,,,Community baseline (2026),Collector holotape baseline,2026-07-11,,,
One Last Toast,One Last Toast,HOLO,1,,10,STASH,NO,,,,,Community baseline (2026),Collector holotape baseline,2026-07-11,,,
"Overseer's Journal, Entry 1","Overseer's Journal, Entry 1",HOLO,1,,10,STASH,NO,,,,,Community baseline (2026),Collector holotape baseline,2026-07-11,,,
"Overseer's Journal, Entry 2","Overseer's Journal, Entry 2",HOLO,1,,10,STASH,NO,,,,,Community baseline (2026),Collector holotape baseline,2026-07-11,,,
"Overseer's Journal, Entry 3","Overseer's Journal, Entry 3",HOLO,2,,10,STASH,NO,,,,,Community baseline (2026),Collector holotape baseline,2026-07-11,,,
"Overseer's Journal, Entry 5","Overseer's Journal, Entry 5",HOLO,1,,10,STASH,NO,,,,,Community baseline (2026),Collector holotape baseline,2026-07-11,,,
"Overseer's Journal, Entry 6","Overseer's Journal, Entry 6",HOLO,1,,10,STASH,NO,,,,,Community baseline (2026),Collector holotape baseline,2026-07-11,,,
Overseer's Log - C.A.M.P.,Overseer's Log - C.A.M.P.,HOLO,1,,10,PLAYER,NO,,,,,Community baseline (2026),Collector holotape baseline,2026-07-11,,,
Overseer's Log - Flatwoods,Overseer's Log - Flatwoods,HOLO,1,,10,PLAYER,NO,,,,,Community baseline (2026),Collector holotape baseline,2026-07-11,,,
Protecting Our Own,Protecting Our Own,HOLO,1,,10,STASH,NO,,,,,Community baseline (2026),Collector holotape baseline,2026-07-11,,,
Report on Harpers Ferry Attack,Report on Harpers Ferry Attack,HOLO,1,,10,STASH,NO,,,,,Community baseline (2026),Collector holotape baseline,2026-07-11,,,
Rita - The Fire Breather,Rita - The Fire Breather,HOLO,1,,10,STASH,NO,,,,,Community baseline (2026),Collector holotape baseline,2026-07-11,,,
Scorchslayer's Journal - Part 1,Scorchslayer's Journal - Part 1,HOLO,2,,10,STASH,NO,,,,,Community baseline (2026),Collector holotape baseline,2026-07-11,,,
Scorchslayer's Journal - Part 3,Scorchslayer's Journal - Part 3,HOLO,1,,10,STASH,NO,,,,,Community baseline (2026),Collector holotape baseline,2026-07-11,,,
Situation Report S-487,Situation Report S-487,HOLO,1,,10,STASH,NO,,,,,Community baseline (2026),Collector holotape baseline,2026-07-11,,,
Springhill Feedback,Springhill Feedback,HOLO,1,,10,STASH,NO,,,,,Community baseline (2026),Collector holotape baseline,2026-07-11,,,
Survivor Story: Colonel,Survivor Story: Colonel,HOLO,1,,10,PLAYER,NO,,,,,Community baseline (2026),Collector holotape baseline,2026-07-11,,,
Survivor Story: Dassa Ben-Ami,Survivor Story: Dassa Ben-Ami,HOLO,1,,10,STASH,NO,,,,,Community baseline (2026),Collector holotape baseline,2026-07-11,,,
Survivor Story: Kesha McDermott,Survivor Story: Kesha McDermott,HOLO,1,,10,STASH,NO,,,,,Community baseline (2026),Collector holotape baseline,2026-07-11,,,
Survivor Story: Rev. Delbert Winters,Survivor Story: Rev. Delbert Winters,HOLO,1,,10,STASH,NO,,,,,Community baseline (2026),Collector holotape baseline,2026-07-11,,,
The Addington's Dangerous Game,The Addington's Dangerous Game,HOLO,1,,10,STASH,NO,,,,,Community baseline (2026),Collector holotape baseline,2026-07-11,,,
The Huntersville Incident,The Huntersville Incident,HOLO,1,,10,STASH,NO,,,,,Community baseline (2026),Collector holotape baseline,2026-07-11,,,
The Nuclear Option,The Nuclear Option,HOLO,1,,10,STASH,NO,,,,,Community baseline (2026),Collector holotape baseline,2026-07-11,,,
The Wayward Interrogation,The Wayward Interrogation,HOLO,1,,10,STASH,NO,,,,,Community baseline (2026),Collector holotape baseline,2026-07-11,,,
"The Whitespring Staff Meeting, 12.27.79","The Whitespring Staff Meeting, 12.27.79",HOLO,1,,10,STASH,NO,,,,,Community baseline (2026),Collector holotape baseline,2026-07-11,,,
They're Coming,They're Coming,HOLO,1,,10,STASH,NO,,,,,Community baseline (2026),Collector holotape baseline,2026-07-11,,,
US Government Supply Requisition,US Government Supply Requisition,HOLO,7,,10,STASH,NO,,,,,Community baseline (2026),Collector holotape baseline,2026-07-11,,,
Volunteer Training: Camping 101,Volunteer Training: Camping 101,HOLO,1,,10,STASH,NO,,,,,Community baseline (2026),Collector holotape baseline,2026-07-11,,,
Weapon Demonstration,Weapon Demonstration,HOLO,1,,10,STASH,NO,,,,,Community baseline (2026),Collector holotape baseline,2026-07-11,,,
Welcome to the Fire Breathers,Welcome to the Fire Breathers,HOLO,1,,10,STASH,NO,,,,,Community baseline (2026),Collector holotape baseline,2026-07-11,,,
Hardened Mass,Hardened Mass,JUNK,15,,25,STASH,NO,,,,,Community baseline (2026),Flux-crafting material baseline,2026-07-11,,,
Aluminum Ore,Aluminum Ore,MISC,3,,5,PLAYER,NO,,,,,Community baseline (2026),Ore baseline,2026-07-11,,,
Bait - Improved,Bait - Improved,MISC,425,,5,PLAYER+STASH,NO,,,,,Community baseline (2026),Common utility item,2026-07-11,,,
Beast of Beckley Card,Beast of Beckley Card,MISC,1,,10,STASH,NO,,,,,Community baseline (2026),Common miscellaneous item baseline,2026-07-11,,,
Black Titanium Ore,Black Titanium Ore,MISC,2,,5,PLAYER,NO,,,,,Community baseline (2026),Ore baseline,2026-07-11,,,
Bobby Pin,Bobby Pin,MISC,596,,1,PLAYER,NO,,,,,Community baseline (2026),Community per-unit baseline,2026-07-11,,,
Brotherhood Recon Rifle Schematics,Brotherhood Recon Rifle Schematics,MISC,1,,100,PLAYER,NO,,,,,Community baseline (2026),Collector misc item,2026-07-11,,,
Claim Token,Claim Token,MISC,112,,5,PLAYER,NO,,,,,Community baseline (2026),Redeemable token baseline,2026-07-11,,,
Commendation,Commendation,MISC,1,,10,PLAYER,NO,,,,,Community baseline (2026),Common miscellaneous item baseline,2026-07-11,,,
Copper Ore,Copper Ore,MISC,1,,5,PLAYER,NO,,,,,Community baseline (2026),Ore baseline,2026-07-11,,,
Dove Necklace,Dove Necklace,MISC,1,,10,PLAYER,NO,,,,,Community baseline (2026),Common miscellaneous item baseline,2026-07-11,,,
Gold Ore,Gold Ore,MISC,1,,5,PLAYER,NO,,,,,Community baseline (2026),Ore baseline,2026-07-11,,,
Heating Coil,Heating Coil,MISC,4,,10,PLAYER,NO,,,,,Community baseline (2026),Common miscellaneous item baseline,2026-07-11,,,
Mothman Card,Mothman Card,MISC,1,,10,STASH,NO,,,,,Community baseline (2026),Common miscellaneous item baseline,2026-07-11,,,
Nuclear Keycard,Nuclear Keycard,MISC,25,,100,STASH,NO,,,,,Community baseline (2026),Launch consumable baseline,2026-07-11,,,
Pleasant Valley Claim Ticket,Pleasant Valley Claim Ticket,MISC,8,,10,PLAYER,NO,,,,,Community baseline (2026),Redeemable ticket baseline,2026-07-11,,,
Scrap Kit,Scrap Kit,MISC,2,,50,PLAYER,NO,,,,,Community baseline (2026),Utility item baseline,2026-07-11,,,
Silver Ore,Silver Ore,MISC,7,,5,PLAYER,NO,,,,,Community baseline (2026),Ore baseline,2026-07-11,,,
Upgraded Motor,Upgraded Motor,MISC,5,,10,PLAYER,NO,,,,,Community baseline (2026),Common miscellaneous item baseline,2026-07-11,,,
Uranium Ore,Uranium Ore,MISC,2,,5,PLAYER,NO,,,,,Community baseline (2026),Ore baseline,2026-07-11,,,
¬ Aristocrat's,Aristocrat's,MODS,1,,1000,STASH,NO,,,,,Community baseline (2026),1-star legendary mod community tier,2026-07-11,,,
¬ Auto Stim,Auto Stim,MODS,1,1,500,STASH,YES,1,3000,,,Community baseline (2026),Low-demand one-star legendary mod baseline,2026-07-11,,,
¬ Executioner's,Executioner's,MODS,1,,1000,STASH,NO,,,,,Community baseline (2026),1-star legendary mod community tier,2026-07-11,,,
¬ Gourmand's,Gourmand's,MODS,2,2,500,STASH,YES,2,5000,,,Community baseline (2026),Low-demand one-star legendary mod baseline,2026-07-11,,,
¬ Juggernaut's,Juggernaut's,MODS,1,1,500,STASH,YES,1,5000,,,Community baseline (2026),Low-demand one-star legendary mod baseline,2026-07-11,,,
¬ Mutant Slayer's,Mutant Slayer's,MODS,2,1,500,STASH,YES,1,2000,,,Community baseline (2026),Low-demand one-star legendary mod baseline,2026-07-11,,,
¬ Quad,Quad,MODS,2,,3000,STASH,NO,,,,,Community baseline (2026),1-star legendary mod community tier,2026-07-11,,,
¬ Stalker's,Stalker's,MODS,1,1,500,STASH,YES,1,5000,,,Community baseline (2026),Low-demand one-star legendary mod baseline,2026-07-11,,,
¬ Suppressor's,Suppressor's,MODS,1,,500,STASH,NO,,,,,Community baseline (2026),1-star legendary mod community tier,2026-07-11,,,
¬ Troubleshooter's,Troubleshooter's,MODS,5,,500,STASH,NO,,,,,Community baseline (2026),1-star legendary mod community tier,2026-07-11,,,
¬¬ Crippling,Crippling,MODS,2,,3000,STASH,NO,,,,,Community baseline (2026),2-star legendary mod community tier,2026-07-11,,,
¬¬ Endurance,Endurance,MODS,1,,3000,STASH,NO,,,,,Community baseline (2026),2-star legendary mod community tier,2026-07-11,,,
¬¬ Heavy Hitter's,Heavy Hitter's,MODS,1,,4000,STASH,NO,,,,,Community baseline (2026),2-star legendary mod community tier,2026-07-11,,,
¬¬ Poisoner's,Poisoner's,MODS,1,,3000,STASH,NO,,,,,Community baseline (2026),2-star legendary mod community tier,2026-07-11,,,
¬¬ Rapid,Rapid,MODS,1,,4000,STASH,NO,,,,,Community baseline (2026),2-star legendary mod community tier,2026-07-11,,,
¬¬ Riposting,Riposting,MODS,3,,1500,STASH,NO,,,,,Community baseline (2026),2-star legendary mod community tier,2026-07-11,,,
¬¬¬ Agility,Agility,MODS,1,,5000,STASH,NO,,,,,Community baseline (2026),3-star legendary mod community tier,2026-07-11,,,
¬¬¬ Arms Keeper's,Arms Keeper's,MODS,1,,10000,STASH,NO,,,,,Community baseline (2026),3-star legendary mod community tier,2026-07-11,,,
¬¬¬ Diver's,Diver's,MODS,1,,5000,STASH,NO,,,,,Community baseline (2026),3-star legendary mod community tier,2026-07-11,,,
¬¬¬ Intelligence,Intelligence,MODS,1,,8000,STASH,NO,,,,,Community baseline (2026),3-star legendary mod community tier,2026-07-11,,,
¬¬¬¬ Bully's,Bully's,MODS,1,,7000,STASH,NO,,,,,Community baseline (2026),4-star legendary mod community tier,2026-07-11,,,
¬¬¬¬ Tarnished,Tarnished,MODS,1,,7000,STASH,NO,,,,,Community baseline (2026),4-star legendary mod community tier,2026-07-11,,,
Ash Heap Treasure Map #01,Ash Heap Treasure Map #01,NOTES,1,,10,STASH,NO,,,,,Community baseline (2026),Recent community treasure-map baseline,2026-07-11,,,
Ash Heap Treasure Map #02,Ash Heap Treasure Map #02,NOTES,1,,10,PLAYER,NO,,,,,Community baseline (2026),Recent community treasure-map baseline,2026-07-11,,,
Cranberry Bog Treasure Map #02,Cranberry Bog Treasure Map #02,NOTES,3,,10,PLAYER,NO,,,,,Community baseline (2026),Recent community treasure-map baseline,2026-07-11,,,
Cranberry Bog Treasure Map #03,Cranberry Bog Treasure Map #03,NOTES,1,,10,PLAYER,NO,,,,,Community baseline (2026),Recent community treasure-map baseline,2026-07-11,,,
Cranberry Bog Treasure Map #04,Cranberry Bog Treasure Map #04,NOTES,1,,10,PLAYER,NO,,,,,Community baseline (2026),Recent community treasure-map baseline,2026-07-11,,,
Forest Treasure Map #03,Forest Treasure Map #03,NOTES,1,1,10,STASH,YES,1,308,,,Community baseline (2026),Recent community treasure-map baseline,2026-07-11,,,
Forest Treasure Map #04,Forest Treasure Map #04,NOTES,1,,10,STASH,NO,,,,,Community baseline (2026),Recent community treasure-map baseline,2026-07-11,,,
Forest Treasure Map #06,Forest Treasure Map #06,NOTES,2,2,10,STASH,YES,2,55,,,Community baseline (2026),Recent community treasure-map baseline,2026-07-11,,,
Forest Treasure Map #07,Forest Treasure Map #07,NOTES,2,2,10,STASH,YES,2,90,,,Community baseline (2026),Recent community treasure-map baseline,2026-07-11,,,
Forest Treasure Map #08,Forest Treasure Map #08,NOTES,2,1,10,STASH,YES,1,115,,,Community baseline (2026),Recent community treasure-map baseline,2026-07-11,,,
Forest Treasure Map #09,Forest Treasure Map #09,NOTES,1,,10,STASH,NO,,,,,Community baseline (2026),Recent community treasure-map baseline,2026-07-11,,,
Forest Treasure Map #10,Forest Treasure Map #10,NOTES,3,3,10,STASH,YES,3,65/100,,,Community baseline (2026),Recent community treasure-map baseline,2026-07-11,,,
Hells Eagles,Hells Eagles,NOTES,1,,10,PLAYER,NO,,,,,Community baseline (2026),Common collectible note baseline,2026-07-11,,,
Mire Treasure Map #01,Mire Treasure Map #01,NOTES,2,2,10,STASH,YES,2,65/98,,,Community baseline (2026),Recent community treasure-map baseline,2026-07-11,,,
Mire Treasure Map #02,Mire Treasure Map #02,NOTES,1,,10,PLAYER,NO,,,,,Community baseline (2026),Recent community treasure-map baseline,2026-07-11,,,
Mire Treasure Map #03,Mire Treasure Map #03,NOTES,1,1,10,STASH,YES,1,56,,,Community baseline (2026),Recent community treasure-map baseline,2026-07-11,,,
Mire Treasure Map #04,Mire Treasure Map #04,NOTES,1,,10,PLAYER,NO,,,,,Community baseline (2026),Recent community treasure-map baseline,2026-07-11,,,
Mire Treasure Map #05,Mire Treasure Map #05,NOTES,1,1,10,STASH,YES,1,66,,,Community baseline (2026),Recent community treasure-map baseline,2026-07-11,,,
Plan: Ashtray,Plan: Ashtray,NOTES,1,0,25,STASH,YES,1,100,,,Community baseline (2026),Common plan quick-sale baseline,2026-07-11,,,
Plan: Barn Building Set,Plan: Barn Building Set,NOTES,1,0,25,STASH,YES,1,306,,,Community baseline (2026),Common plan quick-sale baseline,2026-07-11,,,
Plan: BoS Combat Armor Chest Piece,Plan: BoS Combat Armor Chest Piece,NOTES,1,0,25,PLAYER,NO,,,,,Community baseline (2026),Common plan quick-sale baseline,2026-07-11,,,
Plan: Bottle and Cappy Balloon Statue,Plan: Bottle and Cappy Balloon Statue,NOTES,1,0,500,PLAYER,NO,,,,,Community baseline (2026),Public-event reward plan baseline,2026-07-11,,,
Plan: Campfire Tales Tent,Plan: Campfire Tales Tent,NOTES,1,0,63,STASH,YES,1,100,50,75,NukaTrader,https://nukatrader.com/plans/campfire-tales-tent/,2026-07-11,,,
Plan: Cartography Table,Plan: Cartography Table,NOTES,1,0,500,PLAYER,NO,,,,,Community baseline (2026),Event reward plan baseline,2026-07-11,,,
Plan: Cigarette Machine,Plan: Cigarette Machine,NOTES,1,0,25,STASH,NO,,,,,Community baseline (2026),Common plan quick-sale baseline,2026-07-11,,,
Plan: Cryo Mine,Plan: Cryo Mine,NOTES,1,0,75,PLAYER,NO,,,50,100,NukaTrader,https://nukatrader.com/plans/cryo-mine/,2026-07-11,,,
Plan: Cushioned Raider Armor Legs,Plan: Cushioned Raider Armor Legs,NOTES,1,0,25,STASH,YES,1,250,,,Community baseline (2026),Common plan quick-sale baseline,2026-07-11,,,
Plan: Deep Pocketed Leather Armor Limbs,Plan: Deep Pocketed Leather Armor Limbs,NOTES,1,0,25,STASH,YES,1,500,,,Community baseline (2026),Common plan quick-sale baseline,2026-07-11,,,
Plan: Deep Pocketed Trapper Armor Limbs,Plan: Deep Pocketed Trapper Armor Limbs,NOTES,2,0,25,STASH,YES,2,481/500,,,Community baseline (2026),Common plan quick-sale baseline,2026-07-11,,,
Plan: Double Display Shelf,Plan: Double Display Shelf,NOTES,1,0,25,STASH,YES,1,150,,,Community baseline (2026),Common plan quick-sale baseline,2026-07-11,,,
Plan: Drowned Signal Lantern,Plan: Drowned Signal Lantern,NOTES,1,0,500,PLAYER,NO,,,,,Community baseline (2026),Event reward plan baseline,2026-07-11,,,
Plan: Electrified Mr. Handy Buzz Blade,Plan: Electrified Mr. Handy Buzz Blade,NOTES,1,0,3,STASH,YES,1,50,1,5,NukaTrader,https://nukatrader.com/plans/electrified-mr-handy-buzz-blade/,2026-07-11,,,
Plan: Elegant Couches,Plan: Elegant Couches,NOTES,1,0,25,STASH,YES,1,100,,,Community baseline (2026),Common plan quick-sale baseline,2026-07-11,,,
Plan: File Cabinets,Plan: File Cabinets,NOTES,1,0,25,STASH,YES,1,329,,,Community baseline (2026),Common plan quick-sale baseline,2026-07-11,,,
Plan: High-Tech Table,Plan: High-Tech Table,NOTES,1,0,100,PLAYER,NO,,,,,Community baseline (2026),Uncommon CAMP plan,2026-07-11,,,
Plan: Large Toolbox,Plan: Large Toolbox,NOTES,1,0,25,STASH,YES,1,350,,,Community baseline (2026),Common plan quick-sale baseline,2026-07-11,,,
Plan: Light Metal Arms,Plan: Light Metal Arms,NOTES,1,0,15,STASH,YES,1,54,10,20,NukaTrader,https://nukatrader.com/plans/light-metal-arms/,2026-07-11,,,
Plan: Light Metal Legs,Plan: Light Metal Legs,NOTES,1,0,15,STASH,YES,1,150,10,20,NukaTrader,https://nukatrader.com/plans/light-metal-legs/,2026-07-11,,,
Plan: Light Metal Torso,Plan: Light Metal Torso,NOTES,3,0,15,STASH,YES,3,99/150,10,20,NukaTrader,https://nukatrader.com/plans/light-metal-torso/,2026-07-11,,,
Plan: Lion Statues,Plan: Lion Statues,NOTES,2,0,25,PLAYER+STASH,YES,1,1000,,,Community baseline (2026),Common plan quick-sale baseline,2026-07-11,,,
Plan: Marine Arms,Plan: Marine Arms,NOTES,1,0,25,PLAYER,NO,,,,,Community baseline (2026),Common plan quick-sale baseline,2026-07-11,,,
Plan: Metal Box,Plan: Metal Box,NOTES,1,0,25,STASH,YES,1,294,,,Community baseline (2026),Common plan quick-sale baseline,2026-07-11,,,
Plan: Metal Diner Doors,Plan: Metal Diner Doors,NOTES,1,0,25,STASH,YES,1,100,,,Community baseline (2026),Common plan quick-sale baseline,2026-07-11,,,
Plan: Metal Signs,Plan: Metal Signs,NOTES,1,0,25,PLAYER,NO,,,,,Community baseline (2026),Common plan quick-sale baseline,2026-07-11,,,
Plan: Military Cot,Plan: Military Cot,NOTES,1,0,25,PLAYER,NO,,,,,Community baseline (2026),Common plan quick-sale baseline,2026-07-11,,,
Plan: MIRV Frag Grenade,Plan: MIRV Frag Grenade,NOTES,3,0,85,STASH,YES,3,175,60,110,NukaTrader,https://nukatrader.com/plans/mirv-frag-grenade/,2026-07-11,,,
Plan: Modern Couches,Plan: Modern Couches,NOTES,1,0,25,PLAYER,NO,,,,,Community baseline (2026),Common plan quick-sale baseline,2026-07-11,,,
Plan: Modern Kitchen Tables,Plan: Modern Kitchen Tables,NOTES,1,0,25,STASH,YES,1,150,,,Community baseline (2026),Common plan quick-sale baseline,2026-07-11,,,
Plan: Mole Miner Gauntlet,Plan: Mole Miner Gauntlet,NOTES,2,0,18,PLAYER,NO,,,10,25,NukaTrader,https://nukatrader.com/plans/mole-miner-gauntlet/,2026-07-11,,,
Plan: Mr. Handy Buzz Blade,Plan: Mr. Handy Buzz Blade,NOTES,2,0,10,PLAYER+STASH,YES,1,282,5,15,NukaTrader,https://nukatrader.com/plans/mr-handy-buzz-blade/,2026-07-11,,,
Plan: Nuka Cola Bottle Kiosk,Plan: Nuka Cola Bottle Kiosk,NOTES,2,0,500,PLAYER,NO,,,,,Community baseline (2026),Public-event reward plan baseline,2026-07-11,,,
Plan: Nuka-Cola Grenade,Plan: Nuka-Cola Grenade,NOTES,4,0,125,STASH,YES,4,200,100,150,NukaTrader,https://nukatrader.com/plans/nuka-cola-grenade/,2026-07-11,,,
Plan: Nuka-Cola Rocket,Plan: Nuka-Cola Rocket,NOTES,1,0,750,PLAYER,NO,,,,,Community baseline (2026),Seasonal/event plan baseline,2026-07-11,,,
Plan: Nuke Mine,Plan: Nuke Mine,NOTES,1,0,125,STASH,YES,1,50,100,150,NukaTrader,https://nukatrader.com/plans/nuke-mine/,2026-07-11,,,
Plan: Ogua Hunter Outfit,Plan: Ogua Hunter Outfit,NOTES,1,0,500,PLAYER,NO,,,,,Community baseline (2026),Public-event reward plan baseline,2026-07-11,,,
Plan: Park Grill,Plan: Park Grill,NOTES,1,0,25,STASH,YES,1,100,,,Community baseline (2026),Common plan quick-sale baseline,2026-07-11,,,
Plan: Pioneer Scout Bowie Knife Paint,Plan: Pioneer Scout Bowie Knife Paint,NOTES,1,0,200,STASH,YES,1,100,100,300,NukaTrader,https://nukatrader.com/plans/pioneer-scout-bowie-knife-paint/,2026-07-11,,,
Plan: Pocketed Leather Armor Chest,Plan: Pocketed Leather Armor Chest,NOTES,1,0,25,PLAYER,NO,,,,,Community baseline (2026),Common plan quick-sale baseline,2026-07-11,,,
Plan: Pocketed Leather Armor Limbs,Plan: Pocketed Leather Armor Limbs,NOTES,1,0,25,PLAYER,NO,,,,,Community baseline (2026),Common plan quick-sale baseline,2026-07-11,,,
Plan: Pocketed Raider Armor Chest,Plan: Pocketed Raider Armor Chest,NOTES,1,0,25,PLAYER,NO,,,,,Community baseline (2026),Common plan quick-sale baseline,2026-07-11,,,
Plan: Raider Jet Pack,Plan: Raider Jet Pack,NOTES,1,0,75,STASH,YES,1,3000,50,100,NukaTrader,https://nukatrader.com/plans/raider-jet-pack/,2026-07-11,,,
Plan: Rug Set 2,Plan: Rug Set 2,NOTES,1,0,25,STASH,YES,1,100,,,Community baseline (2026),Common plan quick-sale baseline,2026-07-11,,,
Plan: Shadowed Combat Armor Arms,Plan: Shadowed Combat Armor Arms,NOTES,2,0,25,PLAYER+STASH,YES,1,300,,,Community baseline (2026),Common plan quick-sale baseline,2026-07-11,,,
Plan: Shadowed Leather Armor Arm,Plan: Shadowed Leather Armor Arm,NOTES,1,0,25,PLAYER,NO,,,,,Community baseline (2026),Common plan quick-sale baseline,2026-07-11,,,
Plan: Single-Action Revolver Ivory Grip,Plan: Single-Action Revolver Ivory Grip,NOTES,1,0,25,STASH,YES,1,50,,,Community baseline (2026),Common plan quick-sale baseline,2026-07-11,,,
Plan: Stone Fountain,Plan: Stone Fountain,NOTES,1,0,25,STASH,YES,1,100,,,Community baseline (2026),Common plan quick-sale baseline,2026-07-11,,,
Plan: T-45 Jet Pack,Plan: T-45 Jet Pack,NOTES,1,0,75,STASH,YES,1,1045,50,100,NukaTrader,https://nukatrader.com/plans/t-45-jet-pack/,2026-07-11,,,
Plan: T-51b Jet Pack,Plan: T-51b Jet Pack,NOTES,3,0,75,PLAYER+STASH,YES,2,3000,50,100,NukaTrader,https://nukatrader.com/plans/t-51b-jet-pack/,2026-07-11,,,
Plan: T-60 Jet Pack,Plan: T-60 Jet Pack,NOTES,2,0,75,PLAYER+STASH,YES,1,1995,50,100,NukaTrader,https://nukatrader.com/plans/t-60-jet-pack/,2026-07-11,,,
Plan: Tesla Rifle,Plan: Tesla Rifle,NOTES,1,0,500,STASH,YES,1,884,,,Community baseline (2026),Uncommon weapon plan; conservative community price,2026-07-11,,,
Plan: Ultra-Light Build Marine Armor Limbs,Plan: Ultra-Light Build Marine Armor Limbs,NOTES,2,0,100,STASH,YES,2,500,,,Community baseline (2026),Uncommon armor mod plan,2026-07-11,,,
Plan: Ultra-Light Build Robot Armor Limbs,Plan: Ultra-Light Build Robot Armor Limbs,NOTES,1,0,25,PLAYER,NO,,,,,Community baseline (2026),Common plan quick-sale baseline,2026-07-11,,,
Plan: Ultracite Cooling Vent,Plan: Ultracite Cooling Vent,NOTES,3,0,75,STASH,YES,3,200,50,100,NukaTrader,https://nukatrader.com/plans/ultracite-cooling-vent/,2026-07-11,,,
Plan: Ultracite Jet Pack,Plan: Ultracite Jet Pack,NOTES,1,0,75,STASH,YES,1,3000,50,100,NukaTrader,https://nukatrader.com/plans/ultracite-jet-pack/,2026-07-11,,,
Plan: Ultracite Left Arm,Plan: Ultracite Left Arm,NOTES,2,0,3,STASH,YES,2,500,1,5,NukaTrader,https://nukatrader.com/plans/ultracite-left-arm/,2026-07-11,,,
Plan: Ultracite Left Leg,Plan: Ultracite Left Leg,NOTES,3,0,3,PLAYER+STASH,YES,2,322/345,1,5,NukaTrader,https://nukatrader.com/plans/ultracite-left-leg/,2026-07-11,,,
Plan: Ultracite Optimized Bracers,Plan: Ultracite Optimized Bracers,NOTES,1,0,75,STASH,YES,1,200,50,100,NukaTrader,https://nukatrader.com/plans/ultracite-optimized-bracers/,2026-07-11,,,
Plan: Ultracite Right Arm,Plan: Ultracite Right Arm,NOTES,2,0,3,PLAYER+STASH,YES,1,500,1,5,NukaTrader,https://nukatrader.com/plans/ultracite-right-arm/,2026-07-11,,,
Plan: Ultracite Right Leg,Plan: Ultracite Right Leg,NOTES,1,0,3,STASH,YES,1,500,1,5,NukaTrader,https://nukatrader.com/plans/ultracite-right-leg/,2026-07-11,,,
Plan: Ultracite Sensor Array,Plan: Ultracite Sensor Array,NOTES,1,0,75,STASH,YES,1,200,50,100,NukaTrader,https://nukatrader.com/plans/ultracite-sensor-array/,2026-07-11,,,
Plan: Ultracite Torso,Plan: Ultracite Torso,NOTES,2,0,3,STASH,YES,2,500,1,5,NukaTrader,https://nukatrader.com/plans/ultracite-torso/,2026-07-11,,,
Plan: Walking Cane,Plan: Walking Cane,NOTES,1,0,25,PLAYER,NO,,,,,Community baseline (2026),Common plan quick-sale baseline,2026-07-11,,,
Plan: Warehouse Building Set,Plan: Warehouse Building Set,NOTES,1,0,25,PLAYER,NO,,,,,Community baseline (2026),Common plan quick-sale baseline,2026-07-11,,,
Plan: Wooden Patio Chair,Plan: Wooden Patio Chair,NOTES,1,0,25,PLAYER,NO,,,,,Community baseline (2026),Common plan quick-sale baseline,2026-07-11,,,
Raider's Journal Entry 1,Raider's Journal Entry 1,NOTES,1,,10,PLAYER,NO,,,,,Community baseline (2026),Common collectible note baseline,2026-07-11,,,
Recipe: Bloatfly Loaf,Recipe: Bloatfly Loaf,NOTES,1,1,15,STASH,YES,1,46,,,Community baseline (2026),Common recipe quick-sale baseline,2026-07-11,,,
Recipe: Bloodbug Peppersteak,Recipe: Bloodbug Peppersteak,NOTES,1,1,100,STASH,YES,1,386,,,Community baseline (2026),Less-common recipe,2026-07-11,,,
Recipe: Cranberry Jam,Recipe: Cranberry Jam,NOTES,1,1,15,STASH,YES,1,500,,,Community baseline (2026),Common recipe quick-sale baseline,2026-07-11,,,
Recipe: Firecap Souffle,Recipe: Firecap Souffle,NOTES,1,,15,PLAYER,NO,,,,,Community baseline (2026),Common recipe quick-sale baseline,2026-07-11,,,
Recipe: Healing Salve (Forest),Recipe: Healing Salve (Forest),NOTES,2,2,38,STASH,YES,2,200,25,50,NukaTrader,https://nukatrader.com/plans/healing-salve-forest/,2026-07-11,,,
Recipe: Mirelurk Cake,Recipe: Mirelurk Cake,NOTES,1,1,15,STASH,YES,1,50,,,Community baseline (2026),Common recipe quick-sale baseline,2026-07-11,,,
Recipe: Pumpkin Pie,Recipe: Pumpkin Pie,NOTES,1,,6,PLAYER,NO,,,1,10,NukaTrader,https://nukatrader.com/plans/pumpkin-pie/,2026-07-11,,,
Recipe: S'mores,Recipe: S'mores,NOTES,1,1,125,STASH,YES,1,411,100,150,NukaTrader,https://nukatrader.com/plans/smores/,2026-07-11,,,
Recipe: Steeped Strangler Pod Tea,Recipe: Steeped Strangler Pod Tea,NOTES,1,1,15,STASH,YES,1,50,,,Community baseline (2026),Common recipe quick-sale baseline,2026-07-11,,,
Recipe: Tasty Mutton Meat Pie,Recipe: Tasty Mutton Meat Pie,NOTES,2,1,500,PLAYER+STASH,YES,1,174,,,Community baseline (2026),Public-event recipe baseline; NukaTrader's Mutton Meat Pie is not an exact name match,2026-07-11,,,
Recipe: Tasty Radscorpion Egg Omelette,Recipe: Tasty Radscorpion Egg Omelette,NOTES,1,1,15,STASH,YES,1,50,,,Community baseline (2026),Common recipe quick-sale baseline,2026-07-11,,,
Savage Divide Treasure Map #01,Savage Divide Treasure Map #01,NOTES,1,1,10,STASH,YES,1,58,,,Community baseline (2026),Recent community treasure-map baseline,2026-07-11,,,
Savage Divide Treasure Map #03,Savage Divide Treasure Map #03,NOTES,1,1,10,STASH,YES,1,106,,,Community baseline (2026),Recent community treasure-map baseline,2026-07-11,,,
Savage Divide Treasure Map #04,Savage Divide Treasure Map #04,NOTES,3,1,10,PLAYER+STASH,YES,1,56,,,Community baseline (2026),Recent community treasure-map baseline,2026-07-11,,,
Savage Divide Treasure Map #05,Savage Divide Treasure Map #05,NOTES,3,3,10,STASH,YES,3,55,,,Community baseline (2026),Recent community treasure-map baseline,2026-07-11,,,
Savage Divide Treasure Map #06,Savage Divide Treasure Map #06,NOTES,1,1,10,STASH,YES,1,55,,,Community baseline (2026),Recent community treasure-map baseline,2026-07-11,,,
Savage Divide Treasure Map #07,Savage Divide Treasure Map #07,NOTES,3,3,10,STASH,YES,3,125,,,Community baseline (2026),Recent community treasure-map baseline,2026-07-11,,,
Savage Divide Treasure Map #08,Savage Divide Treasure Map #08,NOTES,5,4,10,PLAYER+STASH,YES,4,35/57/308,,,Community baseline (2026),Recent community treasure-map baseline,2026-07-11,,,
Savage Divide Treasure Map #09,Savage Divide Treasure Map #09,NOTES,1,1,10,STASH,YES,1,75,,,Community baseline (2026),Recent community treasure-map baseline,2026-07-11,,,
Savage Divide Treasure Map #10,Savage Divide Treasure Map #10,NOTES,1,,10,PLAYER,NO,,,,,Community baseline (2026),Recent community treasure-map baseline,2026-07-11,,,
Toxic Valley Treasure Map #03,Toxic Valley Treasure Map #03,NOTES,4,4,10,STASH,YES,4,30/76/100,,,Community baseline (2026),Recent community treasure-map baseline,2026-07-11,,,
You Have Been Insulted!,You Have Been Insulted!,NOTES,4,4,1000,STASH,YES,4,2000/5000,,,Community baseline (2026),Novelty listing; not a reliable market valuation,2026-07-11,,,
#Holy Fire,Holy Fire,WEAPON,1,,2750,PLAYER,NO,,,,,Community baseline (2026),"Recent 2026 community sale range is about 2,750-3,000",2026-07-11,50,3,"Restore 2% Health over 2 seconds when you Hit a Target | +25% Weapon Speed | Weapons break 50% slower | Cursed: +35% Damage, +15% Attack Speed, and -15% Durability"
#Prime Gatling Plasma,Prime Gatling Plasma,WEAPON,1,,5000,STASH,NO,,,,,Community baseline (2026),Useful three-star roll; verify effects before listing,2026-07-11,50,3,+300% Ammo Capacity | +50% Critical Damage | -90% Weight | +65% Damage to Scorched
Blade of Bastet,Blade of Bastet,WEAPON,1,,250,STASH,NO,,,,,Community baseline (2026),Common named weapon,2026-07-11,45,,
Burning Love,Burning Love,WEAPON,1,,500,STASH,NO,,,,,Community baseline (2026),Common named three-star weapon,2026-07-11,50,3,+50% Damage to Humans | +50% Chance to Hit a Target in V.A.T.S. | +50 Damage Resistance While Aiming
Hunter's Multi-Purpose Axe,Hunter's Multi-Purpose Axe,WEAPON,1,,250,PLAYER,NO,,,,,Community baseline (2026),Low-demand one-star weapon,2026-07-11,45,1,
Juggernaut's Recoil Compensated Automatic Enclave Plasma Rifle,Juggernaut's Recoil Compensated Automatic Enclave Plasma Rifle,WEAPON,1,,5000,STASH,NO,,,,,Community baseline (2026),Enclave weapon with useful explosive effect,2026-07-11,45,3,Damage Increases up to +100% as Health Increases. Currently +34% | Projectiles Explode for +20% Weapon Damage | +50 Damage Resistance While Aiming
Plasma Grenade,Plasma Grenade,WEAPON,132,,5,PLAYER+STASH,NO,,,,,Community baseline (2026),Common throwable,2026-07-11,,,
Troubleshooter's Short Ultracite Laser Pistol,Troubleshooter's Short Ultracite Laser Pistol,WEAPON,1,,500,STASH,NO,,,,,Community baseline (2026),Low-demand three-star weapon,2026-07-11,50,3,+50% Damage to Robots | The last round in a magazine has a 25% chance to Deal +100% Damage | +3 Agility
Troubleshooter's Tactical Ultracite Gatling Laser,Troubleshooter's Tactical Ultracite Gatling Laser,WEAPON,1,,750,STASH,NO,,,,,Community baseline (2026),Situational three-star heavy weapon,2026-07-11,45,3,"+50% Damage to Robots | +50% Chance to Hit a Target in V.A.T.S. | When Reloading, Gain +500 to All Resistances"
V63 Zweihaender,V63 Zweihaender,WEAPON,1,,1000,STASH,NO,,,,,Community baseline (2026),Named three-star weapon baseline,2026-07-11,50,3,+50% More Damage when Your Target is Below 40% Health | +40% Power Attack Damage | +40% Chance To Automatically Block Attacks
Vampire's Salvaged Assaultron Head,Vampire's Salvaged Assaultron Head,WEAPON,1,,500,PLAYER,NO,,,,,Community baseline (2026),One-star collectible weapon,2026-07-11,45,1,
Voice of Set,Voice of Set,WEAPON,1,,250,STASH,NO,,,,,Community baseline (2026),Common named weapon,2026-07-11,45,,
