Observed On,Item Name,Price Lookup Name,Category,Source,Market Low,Market High,Recommended Price,Source URL,Source Modified
2026-07-14,Brotherhood Scribe Outfit,Brotherhood Scribe Outfit,APPAREL,NukaTrader,25,100,63,https://nukatrader.com/apparel/brotherhood-scribe-outfit/,2022-08-31
2026-07-14,Enclave Officer Hat,Enclave Officer Hat,APPAREL,NukaTrader,25,75,50,https://nukatrader.com/apparel/enclave-officer-hat/,2022-08-12
2026-07-14,Enclave Officer Uniform,Enclave Officer Uniform,APPAREL,NukaTrader,25,100,63,https://nukatrader.com/apparel/enclave-officer-uniform/,2022-09-03
2026-07-14,Fasnacht Winter Man Mask,Fasnacht Winter Man Mask,APPAREL,NukaTrader,15000,40000,30000,https://nukatrader.com/apparel/fasnacht-winter-man-mask/,2022-08-24
2026-07-14,Field Scribe's Hat,Field Scribe's Hat,APPAREL,NukaTrader,10,20,15,https://nukatrader.com/apparel/field-scribes-hat/,2022-08-12
2026-07-14,Field Scribe's Uniform,Field Scribe's Uniform,APPAREL,NukaTrader,20,75,48,https://nukatrader.com/apparel/field-scribes-uniform/,2022-09-03
2026-07-14,Fire Breather Helmet,Fire Breather Helmet,APPAREL,NukaTrader,25,125,75,https://nukatrader.com/apparel/fire-breather-helmet/,2022-08-12
2026-07-14,Fire Breather Uniform,Fire Breather Uniform,APPAREL,NukaTrader,25,100,63,https://nukatrader.com/apparel/fire-breather-uniform/,2022-08-12
2026-07-14,Lab Coat,Lab Coat,APPAREL,NukaTrader,5,10,8,https://nukatrader.com/apparel/lab-coat/,2022-09-03
2026-07-14,Radstag Hide Outfit,Radstag Hide Outfit,APPAREL,NukaTrader,5,50,28,https://nukatrader.com/apparel/radstag-hide-outfit/,2022-08-12
2026-07-14,Sheepsquatch Mascot Outfit,Sheepsquatch Mascot Outfit,APPAREL,NukaTrader,100,350,225,https://nukatrader.com/apparel/sheepsquatch-mascot-outfit/,2022-09-03
2026-07-14,Straight Jacket,Straight Jacket,APPAREL,NukaTrader,25,75,50,https://nukatrader.com/apparel/straight-jacket/,2022-08-12
2026-07-14,Tattered Dress,Tattered Dress,APPAREL,NukaTrader,1,15,8,https://nukatrader.com/apparel/tattered-dress/,2022-09-03
2026-07-14,VTU Jacket and Jeans,VTU Jacket and Jeans,APPAREL,NukaTrader,15,35,25,https://nukatrader.com/apparel/vtu-jacket-and-jeans/,2022-09-04
2026-07-14,White Wolf Fedora,White Wolf Fedora,APPAREL,NukaTrader,5,25,15,https://nukatrader.com/apparel/white-wolf-fedora/,2022-08-24
2026-07-14,Cork Scrap,Cork Scrap,JUNK,NukaTrader,0,2,1,https://nukatrader.com/components/cork-scrap/,2022-08-24
2026-07-14,Excess Adhesive,Excess Adhesive,JUNK,NukaTrader,1,6,2,https://nukatrader.com/components/excess-adhesive/,2022-08-24
2026-07-14,Lead Scrap,Lead Scrap,JUNK,NukaTrader,2,7,5,https://nukatrader.com/components/lead-scrap/,2022-08-24
2026-07-14,Molded Plastic,Molded Plastic,JUNK,NukaTrader,0,2,1,https://nukatrader.com/components/molded-plastic/,2022-08-24
2026-07-14,Raw Cloth,Raw Cloth,JUNK,NukaTrader,0,2,1,https://nukatrader.com/components/raw-cloth/,2022-08-24
2026-07-14,Raw Leather,Raw Leather,JUNK,NukaTrader,0,3,1,https://nukatrader.com/components/raw-leather/,2022-08-24
2026-07-14,Raw Rubber,Raw Rubber,JUNK,NukaTrader,0,3,1,https://nukatrader.com/components/raw-rubber/,2022-08-24
2026-07-14,Steel Scrap,Steel Scrap,JUNK,NukaTrader,0,2,1,https://nukatrader.com/components/steel-scrap/,2022-08-24
2026-07-14,Waste Oil,Waste Oil,JUNK,NukaTrader,1,6,3,https://nukatrader.com/components/waste-oil/,2022-08-27
2026-07-14,Wood Scraps,Wood Scraps,JUNK,NukaTrader,0,2,1,https://nukatrader.com/components/wood-scraps/,2022-08-24
2026-07-14,Plan: Campfire Tales Tent,Plan: Campfire Tales Tent,NOTES,NukaTrader,50,75,63,https://nukatrader.com/plans/campfire-tales-tent/,2022-07-25
2026-07-14,Plan: Electrified Mr. Handy Buzz Blade,Plan: Electrified Mr. Handy Buzz Blade,NOTES,NukaTrader,1,5,3,https://nukatrader.com/plans/electrified-mr-handy-buzz-blade/,2022-07-25
2026-07-14,Plan: Light Metal Legs,Plan: Light Metal Legs,NOTES,NukaTrader,10,20,15,https://nukatrader.com/plans/light-metal-legs/,2022-07-25
2026-07-14,Plan: Light Metal Torso,Plan: Light Metal Torso,NOTES,NukaTrader,10,20,15,https://nukatrader.com/plans/light-metal-torso/,2022-07-25
2026-07-14,Plan: MIRV Frag Grenade,Plan: MIRV Frag Grenade,NOTES,NukaTrader,60,110,85,https://nukatrader.com/plans/mirv-frag-grenade/,2022-07-25
2026-07-14,Plan: Mole Miner Gauntlet,Plan: Mole Miner Gauntlet,NOTES,NukaTrader,10,25,18,https://nukatrader.com/plans/mole-miner-gauntlet/,2022-08-26
2026-07-14,Plan: Mr. Handy Buzz Blade,Plan: Mr. Handy Buzz Blade,NOTES,NukaTrader,5,15,10,https://nukatrader.com/plans/mr-handy-buzz-blade/,2022-07-25
2026-07-14,Plan: Nuka-Cola Grenade,Plan: Nuka-Cola Grenade,NOTES,NukaTrader,100,150,125,https://nukatrader.com/plans/nuka-cola-grenade/,2022-07-25
2026-07-14,Plan: Nuke Mine,Plan: Nuke Mine,NOTES,NukaTrader,100,150,125,https://nukatrader.com/plans/nuke-mine/,2022-07-25
2026-07-14,Plan: Pioneer Scout Bowie Knife Paint,Plan: Pioneer Scout Bowie Knife Paint,NOTES,NukaTrader,100,300,200,https://nukatrader.com/plans/pioneer-scout-bowie-knife-paint/,2022-07-25
2026-07-14,Plan: T-45 Jet Pack,Plan: T-45 Jet Pack,NOTES,NukaTrader,50,100,75,https://nukatrader.com/plans/t-45-jet-pack/,2022-07-25
2026-07-14,Plan: T-51b Jet Pack,Plan: T-51b Jet Pack,NOTES,NukaTrader,50,100,75,https://nukatrader.com/plans/t-51b-jet-pack/,2022-07-25
2026-07-14,Plan: T-60 Jet Pack,Plan: T-60 Jet Pack,NOTES,NukaTrader,50,100,75,https://nukatrader.com/plans/t-60-jet-pack/,2022-07-25
2026-07-14,Plan: Ultracite Cooling Vent,Plan: Ultracite Cooling Vent,NOTES,NukaTrader,50,100,75,https://nukatrader.com/plans/ultracite-cooling-vent/,2022-07-25
2026-07-14,Plan: Ultracite Left Leg,Plan: Ultracite Left Leg,NOTES,NukaTrader,1,5,3,https://nukatrader.com/plans/ultracite-left-leg/,2022-07-25
2026-07-14,Plan: Ultracite Optimized Bracers,Plan: Ultracite Optimized Bracers,NOTES,NukaTrader,50,100,75,https://nukatrader.com/plans/ultracite-optimized-bracers/,2022-07-25
2026-07-14,Plan: Ultracite Right Arm,Plan: Ultracite Right Arm,NOTES,NukaTrader,1,5,3,https://nukatrader.com/plans/ultracite-right-arm/,2022-07-25
2026-07-14,Plan: Ultracite Torso,Plan: Ultracite Torso,NOTES,NukaTrader,1,5,3,https://nukatrader.com/plans/ultracite-torso/,2022-07-25
2026-07-14,Recipe: Healing Salve (Forest),Recipe: Healing Salve (Forest),NOTES,NukaTrader,25,50,38,https://nukatrader.com/plans/healing-salve-forest/,2022-07-25
2026-07-14,Recipe: Pumpkin Pie,Recipe: Pumpkin Pie,NOTES,NukaTrader,1,10,6,https://nukatrader.com/plans/pumpkin-pie/,2022-07-25
2026-07-14,Recipe: S'mores,Recipe: S'mores,NOTES,NukaTrader,100,150,125,https://nukatrader.com/plans/smores/,2022-07-25
2026-07-14,Glowing Bobblehead: Endurance,Glowing Bobblehead: Endurance,AID,Market76,3000,5000,4000,https://www.reddit.com/r/Market76/comments/1syniyi/pricing_for_glow_bobbleheads_non_glow_bobbleheads/,2026-04-29
2026-07-14,Glowing Bobblehead: Leader,Glowing Bobblehead: Leader,AID,Market76,3000,5000,4000,https://www.reddit.com/r/Market76/comments/1syniyi/pricing_for_glow_bobbleheads_non_glow_bobbleheads/,2026-04-29
2026-07-14,Glowing Bobblehead: Lock Picking,Glowing Bobblehead: Lock Picking,AID,Market76,3000,5000,4000,https://www.reddit.com/r/Market76/comments/1syniyi/pricing_for_glow_bobbleheads_non_glow_bobbleheads/,2026-04-29
2026-07-14,Glowing Bobblehead: Unarmed,Glowing Bobblehead: Unarmed,AID,Market76,3000,5000,4000,https://www.reddit.com/r/Market76/comments/1syniyi/pricing_for_glow_bobbleheads_non_glow_bobbleheads/,2026-04-29
2026-07-14,Plan: Cappy Clapper,Plan: Cappy Clapper,NOTES,Market76,800,3000,1000,https://www.reddit.com/r/Market76/comments/zye1ha/h_plans_w_caps_trade/,2022-12-29
